<?xml version="1.0" encoding="UTF-8"?>
<project-private xmlns="http://www.netbeans.org/ns/project-private/1">
    <editor-bookmarks xmlns="http://www.netbeans.org/ns/editor-bookmarks/2" lastBookmarkId="0"/>
    <open-files xmlns="http://www.netbeans.org/ns/projectui-open-files/2">
        <group>
            <file>file:/C:/xampp/htdocs/est-soc/app/estudios/controllers/estudios.detalle.controller.js</file>
            <file>file:/C:/xampp/htdocs/est-soc/app/estudios/views/reporte.tpl.html</file>
            <file>file:/C:/xampp/htdocs/est-soc/app/estudios/controllers/estudios.reporte.controller.js</file>
        </group>
    </open-files>
</project-private>
